Validation_Set,Topics,Alpha,Beta,Coherence
100% Corpus,20,1.0,1.5,-1.288799356343624
100% Corpus,30,0.7,1.5,-1.2893633635385153
100% Corpus,30,1.0,1.5,-1.289412795394142
100% Corpus,35,0.7,1.5,-1.289785077906283
100% Corpus,20,0.7,1.5,-1.2899205509542255
100% Corpus,35,1.0,1.5,-1.290004975836705
100% Corpus,50,1.0,1.5,-1.290496613219636
100% Corpus,35,0.5,1.5,-1.2910369755957904
100% Corpus,50,0.7,1.5,-1.2916726751795946
100% Corpus,100,1.0,1.5,-1.291679332097446
100% Corpus,100,0.7,1.5,-1.2921493697205366
100% Corpus,30,0.5,1.5,-1.292324370649845
100% Corpus,35,1.0,1.0,-1.292589874008833
100% Corpus,30,1.0,1.0,-1.2925942947737166
100% Corpus,20,0.5,1.5,-1.2926457985151707
100% Corpus,10,1.0,1.5,-1.2927790815881142
100% Corpus,50,0.5,1.5,-1.2928491441815182
100% Corpus,100,0.5,1.5,-1.2928927439890634
100% Corpus,20,1.0,1.0,-1.293431257790249
100% Corpus,30,0.7,1.0,-1.293560325849849
100% Corpus,35,0.7,1.0,-1.2945343114380052
100% Corpus,10,0.7,1.5,-1.2947449091076109
100% Corpus,20,0.7,1.0,-1.294756440597315
100% Corpus,50,0.7,1.0,-1.2948042066041345
100% Corpus,50,1.0,1.0,-1.2949660455383742
100% Corpus,100,1.0,1.0,-1.2950020355795633
100% Corpus,30,0.7,0.7,-1.2951473819312003
100% Corpus,100,0.7,1.0,-1.295272980252519
100% Corpus,10,0.7,1.0,-1.2956187370127332
100% Corpus,30,1.0,0.7,-1.2956196699665412
100% Corpus,30,0.5,1.0,-1.295884107385219
100% Corpus,100,0.5,1.0,-1.2960740711060474
100% Corpus,10,1.0,1.0,-1.2962118969175347
100% Corpus,30,1.0,0.5,-1.2967023619726386
100% Corpus,50,0.5,1.0,-1.2967475174404297
100% Corpus,20,1.0,0.7,-1.2967614453724758
100% Corpus,35,0.5,1.0,-1.296895492817486
100% Corpus,35,1.0,0.7,-1.2973658522809697
100% Corpus,35,0.7,0.7,-1.2977863522093633
100% Corpus,20,0.7,0.7,-1.298380000799249
100% Corpus,10,1.0,0.7,-1.29845703448871
100% Corpus,100,0.7,0.7,-1.298564998365046
100% Corpus,100,1.0,0.7,-1.2985820604751896
100% Corpus,35,1.0,0.5,-1.2990914238635412
100% Corpus,50,1.0,0.7,-1.29944060490971
100% Corpus,50,0.7,0.7,-1.2994561656375854
100% Corpus,10,0.7,0.7,-1.2996363398651771
100% Corpus,100,0.5,0.7,-1.2998355493417761
100% Corpus,35,0.7,0.5,-1.3005228768932784
100% Corpus,10,0.5,1.5,-1.3007090938404544
75% Corpus,35,1.0,1.5,-1.300857848426267
75% Corpus,35,0.5,1.5,-1.3008795809381202
100% Corpus,20,0.5,1.0,-1.3010710772080822
75% Corpus,35,0.7,1.5,-1.3010865626894308
75% Corpus,30,1.0,1.5,-1.3010966892198474
75% Corpus,50,1.0,1.5,-1.3011534124259585
75% Corpus,50,0.7,1.5,-1.3013498345618384
75% Corpus,30,0.7,1.5,-1.3013705036411618
100% Corpus,50,1.0,0.5,-1.3014717094294814
100% Corpus,100,1.0,0.5,-1.3018491648107604
75% Corpus,30,0.5,1.5,-1.30196962439956
75% Corpus,35,1.0,1.0,-1.3020902409626642
75% Corpus,20,1.0,1.5,-1.30212992829173
75% Corpus,20,0.7,1.5,-1.3021425523798889
100% Corpus,50,0.5,0.7,-1.3021512654024372
75% Corpus,100,0.7,1.5,-1.3024965338872891
100% Corpus,30,0.7,0.5,-1.302505636532639
75% Corpus,100,1.0,1.5,-1.302507046772821
100% Corpus,50,0.7,0.5,-1.3026014600143632
100% Corpus,100,0.7,0.5,-1.3026107047882634
75% Corpus,10,0.7,1.5,-1.302855749094721
75% Corpus,35,0.7,1.0,-1.3034119583390829
75% Corpus,100,0.5,1.5,-1.3037647020833754
75% Corpus,10,1.0,1.5,-1.3040783535630172
75% Corpus,50,0.5,1.5,-1.3043569943042082
75% Corpus,30,1.0,1.0,-1.3046801222622615
100% Corpus,10,0.5,1.0,-1.3049003540972672
75% Corpus,20,1.0,1.0,-1.3049157297435496
100% Corpus,35,0.5,0.7,-1.3049745115828948
75% Corpus,50,1.0,1.0,-1.3050213730182187
75% Corpus,30,0.7,1.0,-1.3050982106671611
75% Corpus,20,0.5,1.5,-1.3051118661407202
75% Corpus,20,0.7,1.0,-1.3053750142908929
100% Corpus,100,0.5,0.5,-1.3054575310943772
75% Corpus,100,1.0,1.0,-1.3055061674750166
100% Corpus,20,0.7,0.5,-1.3055508492148018
75% Corpus,100,0.7,1.0,-1.3057815880058399
100% Corpus,20,1.0,0.5,-1.3058832213000253
75% Corpus,30,0.5,1.0,-1.3059807336271332
75% Corpus,50,0.7,1.0,-1.305982781410257
100% Corpus,30,0.5,0.7,-1.3061277727559004
75% Corpus,35,0.7,0.7,-1.3065981868673664
75% Corpus,30,0.7,0.7,-1.3069960591290848
75% Corpus,100,0.5,1.0,-1.3069966396617305
75% Corpus,10,1.0,1.0,-1.307127333738801
75% Corpus,35,1.0,0.7,-1.3072695871563877
100% Corpus,10,1.0,0.5,-1.3073591071323871
75% Corpus,30,1.0,0.7,-1.3076121044777633
100% Corpus,20,0.5,0.7,-1.3079972853824424
75% Corpus,50,0.5,1.0,-1.3080264217977762
75% Corpus,30,1.0,0.5,-1.3085214711364783
100% Corpus,50,0.5,0.5,-1.3087532088618852
75% Corpus,20,1.0,0.7,-1.308886666699123
75% Corpus,100,1.0,0.7,-1.3090499971805871
75% Corpus,100,0.7,0.7,-1.3095604436969668
100% Corpus,10,0.1,1.5,-1.3096501780423353
75% Corpus,50,0.7,0.7,-1.3098186834417955
75% Corpus,35,0.5,1.0,-1.3098512336183032
75% Corpus,50,1.0,0.7,-1.3098539861084544
100% Corpus,20,0.05,1.5,-1.3102115434641064
100% Corpus,30,1.0,0.2,-1.3103070207461245
75% Corpus,10,0.7,1.0,-1.3104223482083175
75% Corpus,20,0.7,0.7,-1.3109654783114881
100% Corpus,100,1.0,0.2,-1.3111201815130693
75% Corpus,35,1.0,0.5,-1.3111787378646955
100% Corpus,100,0.7,0.2,-1.3112526128477706
100% Corpus,35,1.0,0.2,-1.3112599135935754
100% Corpus,35,0.5,0.5,-1.3114688088865323
100% Corpus,35,0.1,1.5,-1.311799066295676
100% Corpus,20,0.1,1.5,-1.3118014343391278
100% Corpus,10,0.05,1.5,-1.311856587795665
75% Corpus,100,0.5,0.7,-1.312072773019143
75% Corpus,30,0.7,0.5,-1.3121674359199755
100% Corpus,35,0.05,1.5,-1.312204449595076
100% Corpus,30,0.5,0.5,-1.3124178119461194
75% Corpus,35,0.7,0.5,-1.3126192734980642
100% Corpus,50,1.0,0.2,-1.312630800203233
100% Corpus,10,0.2,1.5,-1.3128132841536067
100% Corpus,50,0.05,1.5,-1.3128703290529942
75% Corpus,50,0.5,0.7,-1.3132242322061018
75% Corpus,100,1.0,0.5,-1.3135575331178126
100% Corpus,35,0.7,0.2,-1.3137476797603054
75% Corpus,50,0.7,0.5,-1.3137700631568012
100% Corpus,10,0.5,0.7,-1.3138459185288534
75% Corpus,50,1.0,0.5,-1.3139071660066426
100% Corpus,30,0.05,1.5,-1.3139486674857115
100% Corpus,50,0.1,1.5,-1.314066552908164
75% Corpus,20,0.5,1.0,-1.3141199047501604
100% Corpus,100,1.0,0.1,-1.314128866179786
100% Corpus,100,0.5,0.2,-1.314154345111448
100% Corpus,100,0.7,0.1,-1.3142050212451013
75% Corpus,10,0.5,1.5,-1.3142348357685445
75% Corpus,10,0.7,0.7,-1.3142469019487129
100% Corpus,50,0.7,0.2,-1.3143896592738906
75% Corpus,30,0.5,0.7,-1.3145323179418396
75% Corpus,100,0.7,0.5,-1.314534269931341
100% Corpus,100,1.0,0.05,-1.3145576109486967
100% Corpus,35,0.2,1.5,-1.3146281875903045
100% Corpus,10,0.7,0.5,-1.3146675828544292
100% Corpus,10,0.5,0.5,-1.3148381354361909
100% Corpus,30,1.0,0.1,-1.3149324881559015
75% Corpus,20,1.0,0.5,-1.3151402649472197
100% Corpus,100,0.05,1.5,-1.3151564007622552
100% Corpus,20,1.0,0.2,-1.3151927436571569
100% Corpus,20,1.0,0.1,-1.315245449627632
100% Corpus,50,1.0,0.1,-1.3153181768732582
75% Corpus,10,1.0,0.5,-1.3153803256883685
75% Corpus,10,1.0,0.7,-1.3156495050189725
100% Corpus,10,1.0,0.2,-1.31610361377553
75% Corpus,100,0.5,0.5,-1.3161053633788675
100% Corpus,35,1.0,0.1,-1.3161329841033613
100% Corpus,20,0.2,1.5,-1.316222303020829
100% Corpus,100,0.7,0.05,-1.3163628226717454
75% Corpus,20,0.7,0.5,-1.3168903744395433
75% Corpus,35,0.5,0.7,-1.3169032451112852
100% Corpus,30,0.1,1.5,-1.31726143817954
75% Corpus,10,0.5,1.0,-1.3173160793733085
100% Corpus,100,0.1,1.5,-1.3173171258917262
100% Corpus,20,1.0,0.05,-1.3173918376624474
100% Corpus,20,0.5,0.5,-1.3174156941464257
100% Corpus,20,0.7,0.2,-1.3175386089273808
100% Corpus,35,1.0,0.05,-1.3175761502714602
100% Corpus,100,0.5,0.1,-1.3176559815160325
100% Corpus,30,0.7,0.2,-1.3181062926320384
100% Corpus,50,0.7,0.1,-1.318294426182488
100% Corpus,20,0.7,0.1,-1.3183065593373744
100% Corpus,50,0.2,1.5,-1.3183896623917895
100% Corpus,35,0.05,1.0,-1.3184529575399062
100% Corpus,100,0.2,1.5,-1.3186941613991527
100% Corpus,20,0.05,1.0,-1.3189209122132974
75% Corpus,20,0.5,0.7,-1.3189800026612306
100% Corpus,100,0.5,0.05,-1.319468216211758
100% Corpus,35,0.7,0.1,-1.319512999681188
100% Corpus,30,1.0,0.05,-1.3195995232532742
100% Corpus,50,0.7,0.05,-1.3196071399688742
100% Corpus,50,0.05,1.0,-1.3197870424102995
100% Corpus,50,1.0,0.05,-1.3198089893357916
100% Corpus,30,0.7,0.1,-1.3198343008876525
100% Corpus,30,0.2,1.5,-1.320826134670761
100% Corpus,100,0.1,1.0,-1.3209488069119188
75% Corpus,50,0.5,0.5,-1.3209654166967715
100% Corpus,35,0.5,0.2,-1.321013227626158
100% Corpus,50,0.5,0.2,-1.3213218024886098
100% Corpus,100,0.05,1.0,-1.3214854971862053
100% Corpus,10,1.0,0.05,-1.3215169809314469
75% Corpus,10,0.05,1.5,-1.3215509735208637
100% Corpus,30,0.7,0.05,-1.3215514021927872
100% Corpus,30,0.05,1.0,-1.3219056963600215
100% Corpus,50,0.5,0.1,-1.3221563923405792
100% Corpus,30,0.5,0.2,-1.3221660297856954
75% Corpus,30,1.0,0.2,-1.322176669958149
100% Corpus,35,0.7,0.05,-1.3222287441367833
75% Corpus,20,0.1,1.5,-1.3225194096511153
75% Corpus,35,0.7,0.2,-1.3226923549683174
75% Corpus,20,0.05,1.5,-1.3227377212197926
75% Corpus,10,0.1,1.5,-1.3229363103687743
100% Corpus,10,1.0,0.1,-1.323086685679678
100% Corpus,50,0.1,1.0,-1.3231285311515741
75% Corpus,100,1.0,0.2,-1.3231411972619056
100% Corpus,10,0.7,0.2,-1.3231958802074453
75% Corpus,100,0.7,0.2,-1.32349275210116
75% Corpus,35,0.5,0.5,-1.3235417015722537
75% Corpus,35,1.0,0.2,-1.3238617306731688
75% Corpus,10,0.7,0.5,-1.323984360192521
75% Corpus,10,1.0,0.2,-1.3240708524842473
100% Corpus,35,0.1,1.0,-1.324379732622765
75% Corpus,50,0.05,1.5,-1.3244264486382071
75% Corpus,100,0.5,0.2,-1.324483734075108
75% Corpus,50,1.0,0.2,-1.3245927617303719
100% Corpus,50,0.05,0.7,-1.3249052208512015
100% Corpus,10,0.5,0.1,-1.3251269381776059
100% Corpus,10,0.5,0.2,-1.3254451458438443
100% Corpus,10,0.5,0.05,-1.325471899879363
100% Corpus,10,0.05,1.0,-1.3255417789126285
100% Corpus,50,0.5,0.05,-1.3256809922132973
75% Corpus,10,0.2,1.5,-1.3257733046479587
75% Corpus,50,0.1,1.5,-1.325791689668344
75% Corpus,50,0.7,0.2,-1.325811359654518
100% Corpus,20,0.7,0.05,-1.3260152053341465
75% Corpus,35,0.05,1.5,-1.3262132702087661
75% Corpus,100,1.0,0.1,-1.3263702330579172
75% Corpus,100,1.0,0.05,-1.3265192387316787
100% Corpus,10,0.05,0.5,-1.3266823058152633
75% Corpus,20,0.2,1.5,-1.326705107880787
75% Corpus,30,0.5,0.5,-1.3267783985431998
75% Corpus,35,0.1,1.5,-1.3268611088959952
75% Corpus,50,1.0,0.1,-1.326879160472349
75% Corpus,100,0.7,0.1,-1.3268867684118606
100% Corpus,10,0.05,0.7,-1.327093407001022
100% Corpus,10,0.2,0.5,-1.3271867550875738
100% Corpus,100,0.05,0.7,-1.3272207462416166
100% Corpus,20,0.1,1.0,-1.3273668753448595
75% Corpus,35,1.0,0.1,-1.3274070218130547
100% Corpus,30,0.1,1.0,-1.3274075026688357
75% Corpus,30,1.0,0.1,-1.3274773708866698
75% Corpus,100,0.2,1.5,-1.327543276229857
75% Corpus,35,0.2,1.5,-1.3275705263779969
100% Corpus,50,0.2,1.0,-1.3277219361969856
75% Corpus,100,0.7,0.05,-1.3278981227201343
75% Corpus,100,0.05,1.5,-1.32806789609574
100% Corpus,100,0.2,1.0,-1.3280878833358256
75% Corpus,100,0.1,1.5,-1.32816393644229
75% Corpus,100,0.5,0.1,-1.3282038504619116
75% Corpus,35,0.7,0.1,-1.3282189321367128
75% Corpus,10,0.5,0.7,-1.3283168277574835
75% Corpus,30,0.1,1.5,-1.328344893766805
100% Corpus,10,0.2,0.7,-1.3283596242109144
100% Corpus,10,0.1,0.5,-1.3284600096695982
75% Corpus,10,0.5,0.5,-1.3284856449526603
100% Corpus,50,0.1,0.7,-1.3288738778558926
75% Corpus,100,0.5,0.05,-1.329044256418941
75% Corpus,30,0.05,1.5,-1.3291920620432875
75% Corpus,35,1.0,0.05,-1.3293819982198822
100% Corpus,35,0.2,1.0,-1.32950074358547
75% Corpus,20,1.0,0.2,-1.3295477911754126
100% Corpus,35,0.5,0.1,-1.3297021855550628
75% Corpus,30,0.7,0.2,-1.3298166097386486
75% Corpus,30,1.0,0.05,-1.329996372518324
100% Corpus,10,0.2,0.2,-1.3300002032155258
100% Corpus,10,0.7,0.05,-1.3301136542522314
75% Corpus,50,1.0,0.05,-1.3301629510057358
100% Corpus,10,0.1,0.7,-1.330312333524565
100% Corpus,10,0.05,0.1,-1.3303333409451283
75% Corpus,50,0.7,0.1,-1.3305665470644827
75% Corpus,30,0.7,0.1,-1.3306579286897957
75% Corpus,20,1.0,0.1,-1.3306967171464454
75% Corpus,50,0.7,0.05,-1.3307264177301712
75% Corpus,35,0.05,1.0,-1.3312217613483546
75% Corpus,50,0.5,0.2,-1.3313986424529964
100% Corpus,100,0.1,0.7,-1.3314217001123347
100% Corpus,10,0.1,1.0,-1.3315001715285562
75% Corpus,20,0.5,0.5,-1.3316317295189857
100% Corpus,10,0.7,0.1,-1.3317480276980045
75% Corpus,50,0.2,1.5,-1.3318863610187563
75% Corpus,20,0.7,0.2,-1.3320909286915916
75% Corpus,35,0.5,0.2,-1.3324151696353121
75% Corpus,20,1.0,0.05,-1.332582303151692
100% Corpus,10,0.2,0.05,-1.3326528446898187
100% Corpus,10,0.2,1.0,-1.3327588985478118
100% Corpus,35,0.05,0.7,-1.3328405011551652
100% Corpus,20,0.2,1.0,-1.3329204959487717
75% Corpus,35,0.7,0.05,-1.333048073333283
100% Corpus,10,0.1,0.1,-1.3332499887766065
75% Corpus,10,1.0,0.1,-1.3336735028843982
100% Corpus,10,0.1,0.2,-1.3336769921017324
100% Corpus,100,0.05,0.5,-1.3337618882917317
75% Corpus,50,0.05,1.0,-1.3339359384396543
75% Corpus,50,0.1,1.0,-1.3339802413197268
75% Corpus,50,0.5,0.1,-1.33411649002177
75% Corpus,20,0.1,1.0,-1.334213081137428
100% Corpus,30,0.5,0.1,-1.3344049329224967
100% Corpus,20,0.05,0.7,-1.334411396134153
100% Corpus,10,0.05,0.05,-1.334456499804415
75% Corpus,30,0.2,1.5,-1.334491758950243
100% Corpus,50,0.05,0.5,-1.3345100052955252
75% Corpus,20,0.7,0.1,-1.3345391264128268
75% Corpus,100,0.1,1.0,-1.3345789970295916
100% Corpus,20,0.5,0.05,-1.3346800803432237
75% Corpus,35,0.1,1.0,-1.3347555140648701
100% Corpus,35,0.1,0.7,-1.33485023307272
100% Corpus,20,0.5,0.1,-1.3351149540094251
100% Corpus,10,0.2,0.1,-1.335309617717271
75% Corpus,100,0.05,1.0,-1.3354735271385025
75% Corpus,10,1.0,0.05,-1.335753517408809
75% Corpus,50,0.5,0.05,-1.3363287163124142
100% Corpus,30,0.5,0.05,-1.336373247774598
75% Corpus,10,0.5,0.05,-1.336763245187443
75% Corpus,10,0.7,0.2,-1.336787432491209
100% Corpus,10,0.05,0.2,-1.3367908168289886
75% Corpus,20,0.05,1.0,-1.3368184322463015
75% Corpus,30,0.05,1.0,-1.3368662542692074
100% Corpus,100,0.2,0.7,-1.3372809737200178
100% Corpus,30,0.2,1.0,-1.3373981552441798
100% Corpus,50,0.1,0.5,-1.3376770997731127
100% Corpus,100,0.1,0.5,-1.3377561635733792
100% Corpus,35,0.5,0.05,-1.337810568462641
75% Corpus,10,0.5,0.1,-1.3378462787122987
75% Corpus,10,0.5,0.2,-1.337880169898273
100% Corpus,20,0.5,0.2,-1.338042920276797
100% Corpus,50,0.2,0.7,-1.338128745683191
100% Corpus,10,0.1,0.05,-1.3381377229670877
75% Corpus,10,0.05,1.0,-1.338406554627199
75% Corpus,30,0.7,0.05,-1.3385565574688312
100% Corpus,20,0.2,0.7,-1.3385624891919854
75% Corpus,10,0.7,0.1,-1.3386541127179
75% Corpus,10,0.7,0.05,-1.3390333938519885
75% Corpus,10,0.05,0.2,-1.3390371866258322
100% Corpus,20,0.1,0.7,-1.3390549216414012
75% Corpus,30,0.5,0.2,-1.3392444597175914
75% Corpus,100,0.2,1.0,-1.3396657518936246
100% Corpus,30,0.1,0.7,-1.3398378663409076
75% Corpus,10,0.2,1.0,-1.3405301707669626
100% Corpus,30,0.05,0.7,-1.3405370078627827
100% Corpus,35,0.05,0.5,-1.341078092823869
75% Corpus,50,0.05,0.7,-1.3411580410304298
75% Corpus,20,0.7,0.05,-1.3413206366843504
75% Corpus,100,0.05,0.7,-1.3415038367365606
100% Corpus,20,0.05,0.5,-1.3417060552654143
75% Corpus,10,0.1,1.0,-1.3418198143873663
100% Corpus,20,0.1,0.5,-1.3421582293587353
75% Corpus,10,0.2,0.05,-1.3423221666116076
75% Corpus,10,0.05,0.05,-1.3426724530983873
100% Corpus,20,0.2,0.5,-1.3429988291947559
75% Corpus,10,0.1,0.7,-1.3432096429133764
75% Corpus,35,0.05,0.7,-1.3432848689446732
75% Corpus,50,0.2,1.0,-1.343451088004021
75% Corpus,30,0.1,1.0,-1.343490985148886
75% Corpus,10,0.2,0.1,-1.3438790111027834
75% Corpus,35,0.2,1.0,-1.3444635983998803
75% Corpus,10,0.1,0.05,-1.3445195680057636
75% Corpus,20,0.5,0.05,-1.344638654403914
75% Corpus,100,0.1,0.7,-1.344914434614602
75% Corpus,10,0.2,0.2,-1.3451668411314188
100% Corpus,20,0.2,0.2,-1.3452528886638002
100% Corpus,35,0.2,0.7,-1.3454683528835727
75% Corpus,10,0.1,0.1,-1.3455274372777501
75% Corpus,20,0.05,0.7,-1.345632478781582
100% Corpus,20,0.05,0.2,-1.3456837576936813
75% Corpus,10,0.05,0.7,-1.3459303842500714
100% Corpus,20,0.05,0.1,-1.3460030247870394
75% Corpus,20,0.5,0.1,-1.346019438526406
100% Corpus,20,0.1,0.2,-1.3463640329044098
75% Corpus,10,0.2,0.5,-1.3465793642025785
75% Corpus,100,0.05,0.5,-1.3469774309780405
75% Corpus,30,0.2,1.0,-1.3472974244712297
75% Corpus,10,0.1,0.5,-1.347360063610705
75% Corpus,20,0.1,0.7,-1.3478796333518877
75% Corpus,30,0.5,0.1,-1.3478910185171997
75% Corpus,10,0.05,0.1,-1.3479542591608884
75% Corpus,30,0.5,0.05,-1.3479992545075454
100% Corpus,35,0.1,0.5,-1.3480526309994176
75% Corpus,50,0.1,0.7,-1.3481140417826813
75% Corpus,35,0.5,0.1,-1.3481498487681614
75% Corpus,35,0.1,0.7,-1.3482196155605046
100% Corpus,30,0.05,0.5,-1.3483351960869272
75% Corpus,10,0.05,0.5,-1.3485235896462595
100% Corpus,50,0.2,0.5,-1.34873325376992
75% Corpus,10,0.2,0.7,-1.3488660319007386
75% Corpus,100,0.1,0.5,-1.3490978765461412
100% Corpus,50,0.05,0.2,-1.3493150857946807
75% Corpus,10,0.1,0.2,-1.3494865593426486
75% Corpus,20,0.2,0.7,-1.349936552218463
75% Corpus,20,0.5,0.2,-1.3501517570948507
75% Corpus,100,0.2,0.7,-1.3504815023596242
100% Corpus,30,0.2,0.5,-1.3509707538683138
75% Corpus,35,0.5,0.05,-1.3509909811471281
100% Corpus,20,0.2,0.1,-1.35106029732497
100% Corpus,100,0.2,0.5,-1.3513867319681176
100% Corpus,30,0.2,0.7,-1.3515164608375208
75% Corpus,20,0.2,1.0,-1.3516064746432237
100% Corpus,20,0.2,0.05,-1.3517250767405184
100% Corpus,50,0.1,0.2,-1.3523252494017775
100% Corpus,20,0.1,0.1,-1.3526912229572097
100% Corpus,30,0.1,0.5,-1.3529382509330774
100% Corpus,100,0.05,0.2,-1.353326760630603
75% Corpus,50,0.05,0.5,-1.3534664932175504
75% Corpus,30,0.05,0.7,-1.353565653000956
75% Corpus,35,0.05,0.5,-1.3539294712311403
75% Corpus,20,0.1,0.2,-1.3540265411051529
100% Corpus,50,0.2,0.2,-1.3541829167121833
100% Corpus,20,0.1,0.05,-1.354221139078459
100% Corpus,35,0.2,0.5,-1.3548051286298688
75% Corpus,100,0.2,0.5,-1.3555249949464199
100% Corpus,20,0.05,0.05,-1.3564555941557992
75% Corpus,20,0.05,0.5,-1.3564982319316947
75% Corpus,20,0.05,0.2,-1.3568312782150014
100% Corpus,100,0.1,0.2,-1.3570160529583217
100% Corpus,50,0.1,0.05,-1.357027901527931
100% Corpus,50,0.1,0.1,-1.357273868666741
75% Corpus,50,0.2,0.7,-1.3573617017722273
75% Corpus,20,0.2,0.5,-1.3575362190944447
100% Corpus,50,0.05,0.05,-1.3575610029791525
100% Corpus,50,0.05,0.1,-1.357588530562684
75% Corpus,35,0.2,0.7,-1.3578808272599652
75% Corpus,20,0.1,0.5,-1.358110048608713
100% Corpus,30,0.2,0.2,-1.3581744538945248
75% Corpus,50,0.1,0.5,-1.358358904803873
100% Corpus,35,0.05,0.2,-1.3583986645182986
100% Corpus,30,0.05,0.2,-1.3588521582600888
75% Corpus,30,0.1,0.7,-1.359205991709895
100% Corpus,30,0.05,0.1,-1.3595883055168778
100% Corpus,100,0.05,0.1,-1.3598120696729552
100% Corpus,30,0.1,0.2,-1.3601984126852769
100% Corpus,35,0.1,0.2,-1.360354634117871
100% Corpus,100,0.1,0.1,-1.3609712204341369
100% Corpus,30,0.1,0.05,-1.3610257119150537
75% Corpus,20,0.1,0.1,-1.3610847397881567
100% Corpus,30,0.1,0.1,-1.361231264260126
75% Corpus,20,0.2,0.2,-1.3613603506642726
75% Corpus,50,0.2,0.5,-1.361373417562072
75% Corpus,35,0.1,0.5,-1.3616285119120595
100% Corpus,30,0.05,0.05,-1.3619132980012365
100% Corpus,35,0.05,0.1,-1.362034519282184
75% Corpus,100,0.05,0.2,-1.3621085498918188
100% Corpus,100,0.05,0.05,-1.3622366628728517
75% Corpus,30,0.2,0.7,-1.3623032585289232
75% Corpus,30,0.1,0.2,-1.3630603029242119
75% Corpus,20,0.2,0.1,-1.3634824075748486
75% Corpus,30,0.2,0.5,-1.3635770273406047
75% Corpus,50,0.05,0.1,-1.3638243216474937
75% Corpus,50,0.05,0.2,-1.3641040806797218
100% Corpus,100,0.2,0.2,-1.3643690957731223
75% Corpus,50,0.1,0.2,-1.3646170504711261
75% Corpus,20,0.1,0.05,-1.364759569109435
100% Corpus,35,0.05,0.05,-1.364916542849488
100% Corpus,30,0.2,0.1,-1.364962866608871
75% Corpus,20,0.05,0.1,-1.365177592423843
75% Corpus,30,0.05,0.2,-1.3655558316251433
75% Corpus,100,0.05,0.1,-1.3655955010920626
75% Corpus,30,0.1,0.5,-1.3656763453614802
75% Corpus,100,0.1,0.2,-1.3658764403882235
75% Corpus,50,0.2,0.2,-1.3659746349305792
100% Corpus,35,0.1,0.1,-1.3660823973889886
75% Corpus,20,0.05,0.05,-1.3661957526082356
100% Corpus,50,0.2,0.1,-1.3665591582606786
100% Corpus,35,0.2,0.2,-1.3666942899263346
75% Corpus,35,0.2,0.5,-1.3671157071720463
75% Corpus,30,0.05,0.5,-1.3674390198473119
100% Corpus,100,0.1,0.05,-1.3683660117850345
75% Corpus,30,0.2,0.2,-1.3685280949586707
75% Corpus,30,0.05,0.05,-1.3687958365580764
75% Corpus,30,0.1,0.05,-1.368851536190369
100% Corpus,30,0.2,0.05,-1.369173422812321
75% Corpus,30,0.05,0.1,-1.3696693398248325
75% Corpus,20,0.2,0.05,-1.3698297412358813
75% Corpus,30,0.1,0.1,-1.369907052349241
75% Corpus,50,0.1,0.1,-1.3705231683817578
100% Corpus,35,0.1,0.05,-1.3706658968202623
100% Corpus,100,0.2,0.1,-1.371681908928003
75% Corpus,50,0.2,0.1,-1.3723068378788432
100% Corpus,50,0.2,0.05,-1.3726780591953942
75% Corpus,35,0.05,0.2,-1.373157675153438
75% Corpus,35,0.1,0.2,-1.373838518062775
75% Corpus,100,0.2,0.2,-1.3740059134642524
75% Corpus,100,0.1,0.1,-1.3743129062864434
75% Corpus,100,0.05,0.05,-1.3749389310432483
100% Corpus,35,0.2,0.1,-1.3750062481021437
75% Corpus,50,0.05,0.05,-1.37546900082147
75% Corpus,30,0.2,0.05,-1.375493610755047
75% Corpus,35,0.05,0.1,-1.3755983150718538
75% Corpus,30,0.2,0.1,-1.3758195877698551
100% Corpus,100,0.2,0.05,-1.3761371689501116
75% Corpus,50,0.1,0.05,-1.3765423450291263
75% Corpus,35,0.2,0.2,-1.3767761853100706
75% Corpus,100,0.1,0.05,-1.376884206629509
75% Corpus,35,0.05,0.05,-1.3787093778140251
75% Corpus,35,0.1,0.05,-1.3798637014858544
75% Corpus,35,0.2,0.1,-1.3800150555974862
100% Corpus,35,0.2,0.05,-1.3803372521413562
75% Corpus,50,0.2,0.05,-1.3809534591374943
75% Corpus,35,0.1,0.1,-1.3819769631607242
75% Corpus,100,0.2,0.1,-1.3866058872140903
75% Corpus,35,0.2,0.05,-1.3876059625510877
75% Corpus,100,0.2,0.05,-1.3899039541259128
